{
    "name": "Saga-Of-The-Goblin-Horde",
    "title": "Saga Of The Goblin Horde",
    "description": "Saga Of The Goblin Horde is a setting made by Richard Zadmar Woolcock for the Savage Worlds Adventure game system.",
    "version": "0.1.5",
    "author": "/u/crezyte",
    "minimumCoreVersion": "0.7.5",
    "compatibleCoreVersion": "0.8.9",
    "packs": [
        {
            "name": "sotgh-bestiary",
            "label": "Saga Of The Goblin Horde Beastiary",
            "path": "./packs/sotgh-bestiary.db",
            "entity": "Actor"
        },
        {
            "name": "sotgh-scenes",
            "label": "Saga Of The Goblin Horde Scenes",
            "path": "./packs/scenes.db",
            "entity": "Scene"
        },
        {
            "name": "sogth-edges-hinderances",
            "label": "Saga Of The Goblin Horde Edges and Hindrances",
            "path": "./packs/sogth-edges-hinderances.db",
            "entity": "Item"
        },
        {
            "name": "sotgh-rules-setting",
            "label": "Saga Of The Goblin Horde Rules and Setting",
            "path": "./packs/sotgh-rules-setting.db",
            "entity": "JournalEntry"
        },
        {
            "name": "sotgh-macros",
            "label": "Saga Of The Goblin Horde Macros",
            "path": "./packs/sotgh-macros.db",
            "entity": "Macro"
        },
        {
            "name": "sotgh-roll-tables",
            "label": "Saga Of The Goblin Horde Roll Tables",
            "path": "./packs/sotgh-roll-tables.db",
            "entity": "RollTable"
        },
        {
            "name": "sotgh-playlists",
            "label": "Saga Of The Goblin Horde Playlists",
            "path": "./packs/playlists.db",
            "entity": "Playlist"
        }
    ],
    "manifest": "https://github.com/CrezTheHomie/Saga-Of-The-Goblin-Horde/releases/download/0.2.0/module.json",
    "download": "https://github.com/CrezTheHomie/Saga-Of-The-Goblin-Horde/releases/download/0.2.0/Saga-Of-The-Goblin-Horde.zip"
  }