{
    "name": "Saga-Of-The-Goblin-Horde",
    "title": "Saga Of The Goblin Horde",
    "description": "Saga Of The Goblin Horde is a setting made by Richard Zadmar Woolcock for the Savage Worlds Adventure game system.",
    "version": "0.2.8",
    "author": "/u/crezyte",
    "minimumCoreVersion": "0.8.7",
    "compatibleCoreVersion": "9",
    "manifestPlusVersion": "1.0.0",
    "esmodules": [
        "./utils/utils.js"
    ],
    "packs": [
        {
            "label": "Armor and Weapons",
            "name": "sotgh-weapons-armor",
            "entity": "Item",
            "path": "./packs/sotgh-weapons-armor.db",
            "system": "swade",
            "package": "Saga-Of-The-Goblin-Horde",
            "private": false
        },
        {
            "label": "Bestiary",
            "name": "sotgh-bestiary",
            "entity": "Actor",
            "path": "./packs/sotgh-bestiary.db",
            "system": "swade",
            "package": "Saga-Of-The-Goblin-Horde",
            "private": true
        },
        {
            "label": "Edges and Hindrances",
            "name": "sogth-edges-hinderances",
            "entity": "Item",
            "path": "./packs/sogth-edges-hinderances.db",
            "system": "swade",
            "package": "Saga-Of-The-Goblin-Horde",
            "private": false
        },
        {            
            "label": "Rules and Setting",
            "name": "sotgh-rules-setting",
            "entity": "JournalEntry",
            "path": "./packs/sotgh-rules-setting.db",
            "system": "swade",
            "package": "Saga-Of-The-Goblin-Horde",
            "private": false
        },
        {
            "label": "Macros",
            "name": "sotgh-macros",
            "entity": "Macro",
            "path": "./packs/sotgh-macros.db",
            "system": "swade",
            "package": "Saga-Of-The-Goblin-Horde",
            "private": false
        },
        {
            "name": "sotgh-roll-tables",
            "label": "Roll Tables",
            "entity": "RollTable",
            "path": "./packs/sotgh-roll-tables.db",
            "system": "swade",
            "package": "Saga-Of-The-Goblin-Horde",
            "private": false
        }
    ],
    "system": [
        "swade"
    ],
    "dependencies": [
        {
          "type": "module",
          "name": "compendium-folders",
          "manifest": "https://raw.githubusercontent.com/earlSt1/vtt-compendium-folders/082-update/module.json"
        },
        {
          "name": "swade",
          "type": "system"
        }
      ],
    "manifest": "https://github.com/CrezTheHomie/Saga-Of-The-Goblin-Horde/releases/latest/download/module.json",
    "download": "https://github.com/CrezTheHomie/Saga-Of-The-Goblin-Horde/releases/latest/download/Saga-Of-The-Goblin-Horde.zip"
  }