{
    "name": "Saga-Of-The-Goblin-Horde",
    "title": "Saga Of The Goblin Horde",
    "description": "Saga Of The Goblin Horde is a setting made by Richard Zadmar Woolcock for the Savage Worlds Adventure game system.",
    "version": "0.2.2",
    "author": "/u/crezyte",
    "minimumCoreVersion": "0.9.0",
    "compatibleCoreVersion": "0.9.0",
    "manifestPlusVersion": "1.0.0",
    "packs": [
        {
            "name": "sotgh-bestiary",
            "label": "Beastiary",
            "path": "./packs/sotgh-bestiary.db",
            "entity": "Actor"
        },
        {
            "name": "sogth-edges-hinderances",
            "label": "Edges and Hindrances",
            "path": "./packs/sogth-edges-hinderances.db",
            "entity": "Item"
        },
        {
            "name": "sotgh-rules-setting",
            "label": "Rules and Setting",
            "path": "./packs/sotgh-rules-setting.db",
            "entity": "JournalEntry"
        },
        {
            "name": "sotgh-macros",
            "label": "Macros",
            "path": "./packs/sotgh-macros.db",
            "entity": "Macro"
        },
        {
            "name": "sotgh-roll-tables",
            "label": "Roll Tables",
            "path": "./packs/sotgh-roll-tables.db",
            "entity": "RollTable"
        }
    ],
    "system": [
        "swade"
    ],
    "dependencies": [
        {
          "type": "module",
          "name": "compendium-folders",
          "manifest": "https://raw.githubusercontent.com/earlSt1/vtt-compendium-folders/082-update/module.json"
        },
        {
          "name": "swade",
          "type": "system"
        }
      ],
    "manifest": "https://github.com/CrezTheHomie/Saga-Of-The-Goblin-Horde/releases/latest/download/module.json",
    "download": "https://github.com/CrezTheHomie/Saga-Of-The-Goblin-Horde/releases/latest/download/Saga-Of-The-Goblin-Horde.zip"
  }